categories,Keyword
arts_&_culture,art
arts_&_culture,gallery
arts_&_culture,museum
arts_&_culture,exhibit
arts_&_culture,theater
arts_&_culture,performance
arts_&_culture,painting
arts_&_culture,sculpture
arts_&_culture,festival
arts_&_culture,opera
arts_&_culture,dance
arts_&_culture,music
arts_&_culture,literature
arts_&_culture,composer
arts_&_culture,artist
arts_&_culture,creative
arts_&_culture,design
arts_&_culture,cinema
arts_&_culture,craft
arts_&_culture,heritage
business_&_entrepreneurs,startup
business_&_entrepreneurs,entrepreneur
business_&_entrepreneurs,finance
business_&_entrepreneurs,investor
business_&_entrepreneurs,business
business_&_entrepreneurs,strategy
business_&_entrepreneurs,funding
business_&_entrepreneurs,venture
business_&_entrepreneurs,leadership
business_&_entrepreneurs,innovation
business_&_entrepreneurs,marketing
business_&_entrepreneurs,economy
business_&_entrepreneurs,founder
business_&_entrepreneurs,growth
business_&_entrepreneurs,company
business_&_entrepreneurs,revenue
business_&_entrepreneurs,pitch
business_&_entrepreneurs,enterprise
business_&_entrepreneurs,CEO
business_&_entrepreneurs,startupadvice
celebrity_&_pop_culture,celebrity
celebrity_&_pop_culture,popculture
celebrity_&_pop_culture,fame
celebrity_&_pop_culture,star
celebrity_&_pop_culture,hollywood
celebrity_&_pop_culture,gossip
celebrity_&_pop_culture,award
celebrity_&_pop_culture,influencer
celebrity_&_pop_culture,redcarpet
celebrity_&_pop_culture,scandal
celebrity_&_pop_culture,paparazzi
celebrity_&_pop_culture,fan
celebrity_&_pop_culture,idol
celebrity_&_pop_culture,showbiz
celebrity_&_pop_culture,superstar
celebrity_&_pop_culture,moviepremiere
celebrity_&_pop_culture,tabloid
celebrity_&_pop_culture,celebritynews
celebrity_&_pop_culture,fandom
celebrity_&_pop_culture,trend
diaries_&_daily_life,diary
diaries_&_daily_life,routine
diaries_&_daily_life,day
diaries_&_daily_life,life
diaries_&_daily_life,morning
diaries_&_daily_life,evening
diaries_&_daily_life,habit
diaries_&_daily_life,journal
diaries_&_daily_life,everyday
diaries_&_daily_life,home
diaries_&_daily_life,reflection
diaries_&_daily_life,thoughts
diaries_&_daily_life,memories
diaries_&_daily_life,personal
diaries_&_daily_life,feelings
diaries_&_daily_life,experience
diaries_&_daily_life,selfcare
diaries_&_daily_life,emotion
diaries_&_daily_life,story
diaries_&_daily_life,blog
family,family
family,parents
family,children
family,dad
family,mom
family,siblings
family,parenting
family,home
family,relationship
family,grandparents
family,son
family,daughter
family,familytime
family,familylove
family,relatives
family,kids
family,household
family,familylife
family,babysitting
family,familyevents
fashion_&_style,fashion
fashion_&_style,style
fashion_&_style,trend
fashion_&_style,outfit
fashion_&_style,clothing
fashion_&_style,runway
fashion_&_style,designer
fashion_&_style,moda
fashion_&_style,wardrobe
fashion_&_style,accessories
fashion_&_style,shoes
fashion_&_style,model
fashion_&_style,shopping
fashion_&_style,lookbook
fashion_&_style,couture
fashion_&_style,vintage
fashion_&_style,streetstyle
fashion_&_style,makeup
fashion_&_style,beauty
fashion_&_style,OOTD
film_tv_&_video,movie
film_tv_&_video,cinema
film_tv_&_video,tv
film_tv_&_video,series
film_tv_&_video,film
film_tv_&_video,blockbuster
film_tv_&_video,drama
film_tv_&_video,comedy
film_tv_&_video,actor
film_tv_&_video,actress
film_tv_&_video,director
film_tv_&_video,premiere
film_tv_&_video,review
film_tv_&_video,screenplay
film_tv_&_video,documentary
film_tv_&_video,show
film_tv_&_video,trailer
film_tv_&_video,oscar
film_tv_&_video,streaming
film_tv_&_video,tvshow
fitness_&_health,fitness
fitness_&_health,health
fitness_&_health,workout
fitness_&_health,exercise
fitness_&_health,gym
fitness_&_health,wellness
fitness_&_health,diet
fitness_&_health,nutrition
fitness_&_health,training
fitness_&_health,cardio
fitness_&_health,yoga
fitness_&_health,wellbeing
fitness_&_health,healthy
fitness_&_health,running
fitness_&_health,meditation
fitness_&_health,lifestyle
fitness_&_health,sports
fitness_&_health,hydration
fitness_&_health,strength
fitness_&_health,motivation
food_&_dining,food
food_&_dining,dining
food_&_dining,cuisine
food_&_dining,restaurant
food_&_dining,recipe
food_&_dining,cooking
food_&_dining,chef
food_&_dining,meal
food_&_dining,lunch
food_&_dining,dinner
food_&_dining,breakfast
food_&_dining,snack
food_&_dining,brunch
food_&_dining,dessert
food_&_dining,tasting
food_&_dining,gourmet
food_&_dining,dish
food_&_dining,eat
food_&_dining,drink
food_&_dining,kitchen
gaming,gaming
gaming,videogame
gaming,gamer
gaming,console
gaming,pcgaming
gaming,playstation
gaming,xbox
gaming,nintendo
gaming,esports
gaming,streaming
gaming,twitch
gaming,controller
gaming,multiplayer
gaming,leaderboard
gaming,rpg
gaming,fps
gaming,arcade
gaming,mobilegaming
gaming,gamedev
gaming,lootbox
learning_&_educational,learning
learning_&_educational,education
learning_&_educational,study
learning_&_educational,university
learning_&_educational,student
learning_&_educational,school
learning_&_educational,course
learning_&_educational,lesson
learning_&_educational,teacher
learning_&_educational,research
learning_&_educational,exam
learning_&_educational,tutorial
learning_&_educational,lecture
learning_&_educational,scholarship
learning_&_educational,homework
learning_&_educational,graduation
learning_&_educational,degree
learning_&_educational,knowledge
learning_&_educational,science
learning_&_educational,MOOC
literature_&_writing,literature
literature_&_writing,book
literature_&_writing,author
literature_&_writing,novel
literature_&_writing,writing
literature_&_writing,poetry
literature_&_writing,story
literature_&_writing,reading
literature_&_writing,essay
literature_&_writing,fiction
literature_&_writing,nonfiction
literature_&_writing,publishing
literature_&_writing,manuscript
literature_&_writing,editor
literature_&_writing,biography
literature_&_writing,memoir
literature_&_writing,library
literature_&_writing,bestseller
literature_&_writing,plot
literature_&_writing,shortstory
music,music
music,song
music,album
music,band
music,artist
music,concert
music,festival
music,dj
music,track
music,lyrics
music,playlist
music,soundtrack
music,genre
music,instrument
music,performance
music,singing
music,recording
music,gig
music,composer
music,cover
news_&_social_concern,breaking
news_&_social_concern,headline
news_&_social_concern,news
news_&_social_concern,protest
news_&_social_concern,justice
news_&_social_concern,crisis
news_&_social_concern,emergency
news_&_social_concern,rights
news_&_social_concern,media
news_&_social_concern,climate
news_&_social_concern,strike
news_&_social_concern,violence
news_&_social_concern,report
news_&_social_concern,humanrights
news_&_social_concern,discrimination
news_&_social_concern,corruption
news_&_social_concern,activism
news_&_social_concern,social
news_&_social_concern,injustice
news_&_social_concern,refugees
other_hobbies,hobby
other_hobbies,crafts
other_hobbies,photography
other_hobbies,drawing
other_hobbies,gardening
other_hobbies,knitting
other_hobbies,DIY
other_hobbies,painting
other_hobbies,baking
other_hobbies,puzzles
other_hobbies,collecting
other_hobbies,journaling
other_hobbies,woodwork
other_hobbies,modeling
other_hobbies,scrapbooking
other_hobbies,sewing
other_hobbies,birdwatching
other_hobbies,fishing
other_hobbies,modeltrains
other_hobbies,calligraphy
relationships,relationship
relationships,love
relationships,dating
relationships,partner
relationships,romance
relationships,couple
relationships,marriage
relationships,engagement
relationships,breakup
relationships,crush
relationships,flirt
relationships,proposal
relationships,affection
relationships,trust
relationships,friendship
relationships,loyalty
relationships,commitment
relationships,communication
relationships,attraction
relationships,intimacy
science_&_technology,science
science_&_technology,technology
science_&_technology,innovation
science_&_technology,research
science_&_technology,tech
science_&_technology,experiment
science_&_technology,ai
science_&_technology,robotics
science_&_technology,data
science_&_technology,space
science_&_technology,discovery
science_&_technology,biology
science_&_technology,physics
science_&_technology,chemistry
science_&_technology,engineering
science_&_technology,quantum
science_&_technology,startup
science_&_technology,gadget
science_&_technology,future
science_&_technology,sciencefacts
sports,sports
sports,soccer
sports,football
sports,basketball
sports,tennis
sports,athlete
sports,match
sports,competition
sports,tournament
sports,score
sports,champion
sports,olympics
sports,training
sports,team
sports,coach
sports,league
sports,medal
sports,swimming
sports,track
sports,game
travel_&_adventure,travel
travel_&_adventure,adventure
travel_&_adventure,vacation
travel_&_adventure,trip
travel_&_adventure,journey
travel_&_adventure,explore
travel_&_adventure,destination
travel_&_adventure,tourism
travel_&_adventure,passport
travel_&_adventure,flight
travel_&_adventure,backpacking
travel_&_adventure,roadtrip
travel_&_adventure,hiking
travel_&_adventure,mountain
travel_&_adventure,island
travel_&_adventure,resort
travel_&_adventure,cruise
travel_&_adventure,camping
travel_&_adventure,itinerary
travel_&_adventure,beach
youth_&_student_life,youth
youth_&_student_life,student
youth_&_student_life,school
youth_&_student_life,college
youth_&_student_life,university
youth_&_student_life,teenager
youth_&_student_life,homework
youth_&_student_life,study
youth_&_student_life,class
youth_&_student_life,campus
youth_&_student_life,exam
youth_&_student_life,freshman
youth_&_student_life,party
youth_&_student_life,friendship
youth_&_student_life,roommate
youth_&_student_life,orientation
youth_&_student_life,clubs
youth_&_student_life,volunteer
youth_&_student_life,peer
youth_&_student_life,internship
pets_&_animals,pet
pets_&_animals,dog
pets_&_animals,cat
pets_&_animals,animal
pets_&_animals,puppy
pets_&_animals,kitten
pets_&_animals,adoption
pets_&_animals,veterinarian
pets_&_animals,breed
pets_&_animals,wildlife
pets_&_animals,shelter
pets_&_animals,rescue
pets_&_animals,hamster
pets_&_animals,parrot
pets_&_animals,rabbit
pets_&_animals,reptile
pets_&_animals,fish
pets_&_animals,petcare
pets_&_animals,petlovers
pets_&_animals,training